userId,movieId,rating,timestamp,comment
1,1,4,964982703,good£¡
5,1,4,847434962,I like it!
7,1,4.5,1106635946,really fun!
15,1,2.5,1510577970,
17,1,4.5,1305696483,
18,1,3.5,1455209816,
19,1,4,965705637,
21,1,3.5,1407618878,bad!
27,1,3,962685262,
31,1,5,850466616,
32,1,3,856736119,
33,1,3,939647444,
40,1,5,832058959,
43,1,5,848993983,
44,1,3,869251860,
45,1,4,951170182,
46,1,5,834787906,
50,1,3,1514238116,
54,1,3,830247330,
57,1,5,965796031,
63,1,5,1443199669,
64,1,4,1161520134,
66,1,4,1104643957,
68,1,2.5,1158531426,
71,1,5,864737933,
73,1,4.5,1464196374,
76,1,0.5,1439165548,
78,1,4,1252575124,
82,1,2.5,1084467729,
86,1,4,1344082549,
89,1,3,1520408314,
90,1,3,856353996,
91,1,4,1112713037,
93,1,3,942767337,
96,1,5,964772990,
98,1,4.5,1532457849,
103,1,4,1431954238,
107,1,4,829322340,
112,1,3,1442535639,
119,1,3.5,1435942468,
121,1,4,847656180,
124,1,4,1336584336,
130,1,3,832589610,
132,1,2,1157921785,
134,1,3,832841103,
135,1,4,1009691859,
137,1,4,1204859907,
140,1,3,942924980,
141,1,4,1513130643,
144,1,3.5,1137323419,
145,1,5,832105242,
151,1,5,855947195,
153,1,2,1525548642,
155,1,3,961861723,
156,1,4,1106854640,
159,1,4.5,1508640172,
160,1,4,971115026,
161,1,4,1176751765,
166,1,5,1189980529,
167,1,3.5,1154721923,
169,1,4.5,1059427918,
171,1,5,866904159,
177,1,5,1435533535,
178,1,4,1164354911,
179,1,4,852114051,
182,1,4,1063289621,
185,1,4,1044311830,
186,1,4,1031080831,
191,1,4,829759809,
193,1,2,1435856890,
200,1,3.5,1229886312,
201,1,5,939801780,
202,1,4,974923506,
206,1,5,850763267,
213,1,3.5,1316196157,
214,1,3,853937855,
216,1,3,975211713,
217,1,4,955942540,
219,1,3.5,1194681084,
220,1,5,1230055565,
223,1,3.5,1226209758,
226,1,3.5,1095662606,
229,1,5,838144316,
232,1,3.5,1076955621,
233,1,3,1524781249,
234,1,5,1004409347,
239,1,4,1221158265,
240,1,5,849122434,
247,1,5,1467644119,
249,1,4,1347317775,
252,1,4.5,1498284904,
254,1,4.5,1180446553,
263,1,4,940384199,
264,1,4,1136978964,
266,1,2,945669542,
269,1,5,850865423,
270,1,5,853918728,
273,1,5,835861234,
274,1,4,1171410158,
275,1,5,1049076484,
276,1,4,858350384,
277,1,4,861812794,
279,1,3,1506394495,
280,1,4.5,1348435273,
282,1,4.5,1378495714,
283,1,3,901227602,
288,1,4.5,1054568869,
290,1,4,975031464,
291,1,4,1453051567,
292,1,4,1219625000,
293,1,3,1044870886,
298,1,2,1447518257,
304,1,5,881428344,
307,1,4,1186160893,
314,1,3,834398280,
322,1,3.5,1217676206,
323,1,3.5,1422640363,
328,1,5,1494210665,
330,1,4,1285904910,
332,1,4,1352672340,
334,1,3.5,1225477466,
336,1,4,1122227329,
337,1,4,860255715,
339,1,4,1460183470,
341,1,5,1439750939,
347,1,5,847645986,
350,1,4,864940931,
353,1,5,831939685,
357,1,5,1348610184,
359,1,4,1198112023,
364,1,5,869443366,
367,1,5,997811550,
372,1,3,874416443,
373,1,3,846830172,
378,1,4.5,1445347576,
380,1,5,1493420345,
381,1,3.5,1164383653,
382,1,4.5,1515162628,
385,1,4,834691642,
389,1,5,857934174,
391,1,3,1032388077,
396,1,5,1111688626,
399,1,4,1167220428,
401,1,3.5,1510450550,
411,1,5,835532155,
412,1,2,939114353,
414,1,4,961438127,
420,1,4,1218207191,
422,1,4,986173307,
432,1,2.5,1316391457,
434,1,4,1270604402,
436,1,4,833529571,
438,1,4.5,1105650469,
443,1,4,1501722482,
448,1,5,1019126661,
451,1,5,854089165,
453,1,5,1005966797,
456,1,5,856883308,
460,1,4.5,1359177505,
462,1,1.5,1154037653,
468,1,4,831400444,
469,1,4,965336888,
470,1,4,849224825,
471,1,5,1496671820,
474,1,4,978575760,
476,1,4,835021447,
477,1,4,1200939636,
480,1,3,1179178004,
483,1,4,1178293130,
484,1,4.5,1342295949,
488,1,4.5,1112382025,
490,1,3.5,1328229305,
492,1,4,863975949,
500,1,4,1005527755,
504,1,4,1063644695,
509,1,4,1435992343,
514,1,4,1533872400,
517,1,4,1487954343,
522,1,3,1253344674,
524,1,4,851608466,
525,1,4,1476475973,
528,1,2.5,1391736605,
529,1,3,855583216,
533,1,5,1424753740,
534,1,4,1459787997,
541,1,3,835643027,
544,1,3,850688537,
550,1,4,1488728441,
555,1,4,978746159,
559,1,5,865095758,
560,1,3,1469653413,
561,1,4,1491094681,
562,1,4.5,1368893997,
567,1,3.5,1525286001,
570,1,4,1181476989,
572,1,4,945892484,
573,1,5,1186722182,
579,1,4,958881146,
580,1,3,1167792349,
584,1,5,834987643,
587,1,5,953137847,
590,1,4,1258420408,
596,1,4,1535709666,
597,1,4,941557863,
599,1,3,1498524204,
600,1,2.5,1237764347,
601,1,4,1521467801,
603,1,4,963178147,
604,1,3,832079851,
605,1,4,1277097561,
606,1,2.5,1349082950,
607,1,4,964744033,
608,1,2.5,1117408267,
609,1,3,847221025,
610,1,5,1479542900,
6,2,4,845553522,
8,2,4,839463806,
18,2,3,1455617462,
19,2,3,965704331,
20,2,3,1054038313,
21,2,3.5,1419795031,
27,2,4,962685711,
51,2,4.5,1230932741,
62,2,4,1528843890,
68,2,2.5,1158532776,
82,2,3,1084465035,
91,2,3,1112713392,
93,2,5,942946208,
94,2,4,843406960,
103,2,4,1431957270,
104,2,3,1114809641,
107,2,5,829322340,
112,2,1.5,1513989948,
117,2,3,844163002,
122,2,4,1461561176,
125,2,4,1474311709,
135,2,3,1009692764,
140,2,3.5,1085569813,
144,2,3,1137323803,
149,2,1,902084874,
153,2,2,1525550601,
160,2,4,971619578,
169,2,4,1078284713,
177,2,3.5,1435534109,
186,2,4,1031087675,
202,2,4,974923336,
217,2,2,955942327,
219,2,2.5,1194740185,
221,2,3.5,1111177796,
222,2,2.5,1391353926,
226,2,3,1095662788,
230,2,2.5,1196305107,
232,2,4,1085351710,
240,2,5,849122404,
249,2,4,1353800871,
259,2,2,1146845339,
274,2,3.5,1171934785,
276,2,4,858351189,
284,2,4,832699451,
288,2,2,978467973,
294,2,3,966634189,
298,2,0.5,1450452897,
299,2,3,974620151,
304,2,4,891173962,
305,2,3.5,1460136227,
307,2,2.5,1186161482,
308,2,3,1421374418,
318,2,3.5,1270753195,
321,2,5,843212595,
322,2,3,1217676495,
323,2,4,1422640110,
330,2,1.5,1285905277,
347,2,3,847645925,
353,2,4,831939875,
357,2,3,1348611277,
359,2,3.5,1198112829,
373,2,3,846830111,
380,2,5,1493420295,
381,2,4,1166971855,
395,2,3,841503884,
411,2,4,835532398,
414,2,3,961594981,
425,2,3,1085477682,
426,2,4.5,1451080838,
432,2,4,1316391739,
434,2,2.5,1271039378,
436,2,4,833529751,
446,2,3,843839379,
447,2,5,836961067,
448,2,3,1019125424,
458,2,4,845653124,
470,2,3,849224778,
474,2,3,1046886814,
475,2,4.5,1498031744,
476,2,4,835021693,
477,2,4,1200939962,
480,2,3,1179178191,
482,2,4.5,1105395956,
483,2,4,1178293652,
484,2,2.5,1342296219,
489,2,2.5,1333101570,
497,2,2.5,1429127190,
501,2,3,844973419,
512,2,3,841449636,
517,2,3,1487954340,
523,2,4.5,1503126180,
525,2,3.5,1476480324,
527,2,4,1033173338,
534,2,4.5,1459787996,
559,2,4,845476032,
561,2,4,1491094318,
563,2,2.5,1447185161,
566,2,4,849005893,
570,2,3.5,1181477805,
573,2,4.5,1187044862,
586,2,4,1529901723,
590,2,2.5,1258420835,
592,2,4,837350242,
594,2,4,1109037094,
599,2,2.5,1498514085,
600,2,4,1237764627,
602,2,4,840875851,
604,2,5,832080293,
605,2,3.5,1277176522,
608,2,2,1117490786,
1,3,4,964981247,
6,3,5,845554296,
19,3,3,965707636,
32,3,3,856736172,
42,3,4,996221045,
43,3,5,848994405,
44,3,3,869251910,
51,3,4,1230932736,
58,3,3,847719397,
64,3,3.5,1161519668,
68,3,2,1158533415,
91,3,3,1112712323,
100,3,3.5,1100183804,
102,3,5,840635033,
116,3,3.5,1337200325,
117,3,3,844163663,
150,3,3,854203124,
151,3,3,855947242,
169,3,5,1078284750,
179,3,4,852114317,
217,3,1,955944713,
226,3,3.5,1095662861,
240,3,4,849122858,
269,3,4,850865480,
270,3,3,853918793,
288,3,4,975691635,
289,3,2.5,1143424657,
294,3,1,966596854,
302,3,3,854472084,
307,3,3.5,1186161652,
308,3,0.5,1421374465,
321,3,3,843212762,
330,3,3,1285905545,
337,3,4,860255784,
368,3,3,971273951,
410,3,4,990910830,
414,3,4,961439278,
448,3,3,1019128536,
456,3,3,856883349,
470,3,3,849370396,
477,3,3,1200941177,
480,3,2.5,1179178556,
492,3,4,863976005,
501,3,5,844973817,
544,3,3,850688562,
552,3,1,1111472953,
555,3,5,978747454,
588,3,3,839317471,
590,3,3,1258416995,
594,3,4,1108798921,
599,3,1.5,1498505071,
608,3,2,1117504413,
6,4,3,845554349,
14,4,3,835441653,
84,4,3,858772461,
162,4,3,836684306,
262,4,1,840306203,
411,4,2,835533021,
600,4,1.5,1237760055,
6,5,5,845553938,
31,5,3,850466642,
43,5,5,848994281,
45,5,3,959625102,
58,5,4,847719151,
66,5,4,1113190367,
68,5,2,1158533624,
84,5,3,857653289,
103,5,4,1431957598,
107,5,4,829322340,
111,5,3.5,1517441319,
117,5,3,844163754,
120,5,4,860070029,
121,5,3,847656405,
147,5,4.5,1203267700,
150,5,3,854203124,
169,5,5,1078284788,
170,5,3,840473290,
181,5,3,845470124,
200,5,4,1229876436,
229,5,3,838143681,
269,5,3,850865480,
270,5,3,853918793,
276,5,3,858350427,
288,5,2,978622571,
321,5,3,843212719,
337,5,4,860255784,
353,5,3,831939914,
389,5,4,857934242,
402,5,3,849598135,
414,5,2,961437647,
437,5,2,859721015,
448,5,3,1019128415,
451,5,3,854089243,
456,5,3,856883349,
458,5,3,845652992,
470,5,3,849370453,
474,5,1.5,1053021982,
483,5,2.5,1327277284,
489,5,2,1385823772,
490,5,0.5,1324370305,
492,5,3,863976004,
501,5,3,844973535,
509,5,1.5,1435992893,
521,5,3,852713143,
561,5,3,1491094488,
590,5,2,1258421220,
600,5,2.5,1237759452,
604,5,3,832080355,
1,6,4,964982224,
6,6,4,845553757,
11,6,5,902154266,
18,6,4,1460138360,
23,6,4,1107342267,
24,6,4.5,1458941767,
28,6,3.5,1234570483,
32,6,3,856736172,
44,6,3,869251910,
45,6,4,1121724608,
57,6,3,972173446,
62,6,4.5,1522190219,
64,6,4.5,1161520752,
68,6,4,1158532058,
79,6,4,975282111,
82,6,3.5,1084467865,
84,6,4,857653289,
91,6,5,1112712032,
102,6,3,835877535,
105,6,4,1446773632,
109,6,3,841108665,
112,6,4.5,1513989933,
117,6,3,844163102,
121,6,5,847656264,
140,6,5,942843185,
150,6,4,854203123,
160,6,2,971115114,
166,6,3.5,1190828796,
181,6,3,845469804,
182,6,4.5,1054782012,
191,6,4,829759809,
195,6,4,974705807,
199,6,4,1057590506,
202,6,5,974918622,
217,6,2,955935939,
219,6,3.5,1198783144,
220,6,3.5,1230061735,
239,6,5,1221158564,
244,6,5,975092819,
266,6,4,944980835,
269,6,5,850865480,
270,6,3,853918793,
274,6,4,1197022122,
282,6,4,1378497085,
286,6,4.5,1119563039,
294,6,3,966597476,
297,6,5,900871748,
305,6,3.5,1460222104,
308,6,1,1421374400,
312,6,4,1043177752,
313,6,3,1030556299,
314,6,3,842432711,
317,6,5,1430532917,
318,6,4,1347180277,
325,6,4,1039398204,
336,6,4,1122227549,
337,6,5,860255784,
339,6,4,1460345729,
353,6,4,831939947,
362,6,4,1530637587,
368,6,4,971275527,
372,6,5,874415865,
373,6,5,846830247,
380,6,5,1494278663,
385,6,3,840648313,
386,6,3,842613783,
389,6,5,857934242,
391,6,4,1030944221,
400,6,5,1498870480,
414,6,3,961515642,
425,6,4,1085477536,
434,6,4,1270603905,
437,6,5,859721015,
438,6,5,1105664272,
444,6,4,832677558,
451,6,4,854089242,
469,6,3,965336673,
470,6,3,849843318,
474,6,3,1047054565,
480,6,4,1179162163,
486,6,5,839537263,
492,6,3,863976004,
493,6,4,1001562846,
501,6,3,844973487,
521,6,4,852713143,
524,6,4,852404399,
532,6,5,1025523798,
553,6,5,1219558120,
559,6,5,865095857,
561,6,4,1491092289,
573,6,4.5,1248842019,
577,6,4,945967415,
580,6,4,1167789917,
588,6,5,839316454,
590,6,3.5,1258420706,
592,6,3,837350390,
597,6,3,940420695,
599,6,4.5,1498539623,
602,6,3,840876055,
603,6,4,963177624,
604,6,3,832080355,
610,6,5,1493850345,
6,7,4,845554264,
14,7,3,835441989,
19,7,2,965706657,
31,7,4,850466642,
32,7,4,856736173,
33,7,1,939654896,
42,7,3,996220162,
43,7,5,848994392,
45,7,3,951170390,
51,7,4,1230932700,
58,7,5,847719397,
68,7,2,1230498124,
71,7,3,864738008,
84,7,3,857653289,
90,7,4,856354037,
95,7,3,1043340043,
117,7,4,844163615,
150,7,3,854203124,
169,7,4.5,1078284741,
177,7,1,1435534432,
179,7,3,852115405,
181,7,3,845470611,
188,7,4,962559461,
199,7,3,940544181,
206,7,4,850763310,
257,7,1,1141625546,
262,7,3,840306238,
270,7,3,853918793,
276,7,4,858350645,
280,7,4.5,1348532595,
286,7,3.5,1119562096,
304,7,4,881428370,
314,7,4,834241492,
337,7,3,860255784,
350,7,3,864941017,
411,7,3,835533471,
414,7,3,961439170,
451,7,3,854089243,
470,7,3,849370453,
474,7,3,978576381,
489,7,4,1334587547,
492,7,3,863976055,
498,7,4,839197378,
501,7,4,844973817,
510,7,1,1141158812,
513,7,3,1159980407,
521,7,3,852713143,
529,7,2,855583292,
541,7,4,835644446,
566,7,4,849006845,
597,7,1,941558874,
599,7,2.5,1498514161,
600,7,3.5,1237851387,
606,7,2.5,1171754710,
6,8,3,845555281,
20,8,1,1054038422,
43,8,5,848994814,
274,8,3,1172030892,
372,8,2,874415441,
414,8,3,961594849,
436,8,3,833530760,
501,8,3,844974090,
151,9,4,855947372,
179,9,3,852114156,
217,9,3,955941157,
269,9,2,850865553,
270,9,3,853918943,
337,9,5,860255929,
353,9,3,831940313,
364,9,3,869443802,
389,9,3,857934552,
402,9,3,849598259,
428,9,2,1111524871,
437,9,3,859721103,
456,9,4,856883450,
464,9,2.5,1287400084,
492,9,5,863976201,
599,9,1.5,1498504960,
6,10,3,845553253,
8,10,2,839463509,
11,10,3,902154316,
19,10,2,965709556,
21,10,5,1403459783,
26,10,3,836950403,
31,10,4,850467366,
34,10,5,1162048773,
42,10,5,996215205,
43,10,4,848993747,
46,10,3,834787826,
56,10,4,835799162,
57,10,3,965798286,
59,10,3,953609378,
63,10,3,1443201199,
68,10,4.5,1158531612,
81,10,1,845299756,
82,10,3.5,1084467796,
84,10,3,860397812,
91,10,3.5,1112713269,
93,10,4,942946208,
94,10,3,843406732,
99,10,4,829827514,
104,10,3,1048595683,
117,10,3,844162850,
119,10,4,1435943180,
136,10,5,832449222,
144,10,3,1137323629,
160,10,1,971196422,
166,10,4.5,1190827465,
170,10,3,840472869,
173,10,3,843397944,
174,10,3,848486985,
176,10,5,840108984,
178,10,4,1164355337,
181,10,2,845469438,
182,10,3.5,1054782216,
186,10,4,1031088020,
192,10,5,835128874,
195,10,4,974705349,
200,10,4.5,1229887453,
202,10,4,974919042,
208,10,2,940639452,
217,10,4,955940584,
219,10,4.5,1194932162,
220,10,4,1230055828,
226,10,4,1095662675,
229,10,4,836941790,
232,10,3,1218167397,
235,10,2,841422389,
240,10,3,849122194,
243,10,5,837155138,
244,10,5,975091789,
248,10,3.5,1534591944,
262,10,2,840305646,
274,10,4,1171428459,
282,10,3.5,1378497072,
284,10,4,832699451,
288,10,3,978465794,
292,10,3.5,1219625069,
294,10,3,966634030,
301,10,4,1211378532,
304,10,4,891173528,
307,10,2.5,1186161010,
313,10,4,1030556439,
314,10,3,834241870,
322,10,4,1217676313,
331,10,3,1537157573,
334,10,3.5,1234629982,
340,10,4,848666415,
347,10,4,847645690,
349,10,4,834750699,
353,10,3,831939669,
354,10,3.5,1200870391,
361,10,3.5,1204045505,
368,10,3,971276726,
372,10,3,874416808,
376,10,4.5,1364994181,
380,10,5,1493419787,
385,10,3,834691622,
386,10,3,842610246,
387,10,3.5,1094938515,
391,10,3,1030944309,
395,10,3,841503555,
408,10,4.5,1467913128,
411,10,3,835532065,
414,10,3,961515863,
419,10,3.5,1321659128,
425,10,3,1085477406,
434,10,3.5,1270606683,
438,10,4,1105664201,
441,10,4.5,1449070452,
446,10,3,843839232,
447,10,3,836960825,
448,10,4,1019124400,
452,10,4,1013395144,
453,10,2,972621985,
458,10,4,845651737,
462,10,3,1269929071,
469,10,2,965334356,
470,10,3,849075144,
476,10,3,835021420,
480,10,4,1179177922,
483,10,2,1178293444,
485,10,4,837943350,
486,10,4,839537237,
489,10,2.5,1333101410,
498,10,3,839197307,
501,10,4,844973340,
517,10,0.5,1487957717,
520,10,4,1326609139,
522,10,4.5,1253344761,
524,10,4,851608818,
531,10,4,1032961647,
534,10,4,1459787996,
541,10,4,835642985,
557,10,4.5,1452797765,
559,10,3,845475880,
566,10,3,849005345,
569,10,4,849190709,
570,10,3.5,1181477300,
573,10,4.5,1186722464,
580,10,3.5,1167792602,
584,10,5,834987172,
588,10,3,839316215,
590,10,3.5,1258420600,
592,10,3,837349966,
597,10,3,941729264,
599,10,3.5,1498500281,
602,10,3,840875622,
608,10,4,1117408486,
609,10,4,847220937,
6,11,4,845553489,
8,11,4,839463806,
33,11,2,939654896,
35,11,4,830939577,
38,11,5,841341447,
42,11,5,996219314,
43,11,4,848993928,
45,11,3,951170225,
56,11,4,835799366,
57,11,3,965797264,
68,11,4.5,1158531050,
84,11,4,858771861,
89,11,2.5,1520408449,
94,11,3,843406930,
100,11,4,1100184041,
107,11,5,829322340,
109,11,4,841108045,
113,11,3,980051838,
117,11,4,844162970,
121,11,4,847656100,
140,11,4,949667337,
156,11,3,946799769,
169,11,4,1059427956,
174,11,5,848487132,
177,11,3,1435890660,
181,11,5,845469653,
199,11,4,940543988,
201,11,4,939227085,
202,11,4,975013705,
235,11,4,841422530,
239,11,5,1221159019,
263,11,4,941590364,
290,11,4,974943069,
304,11,5,891173135,
314,11,5,834241810,
322,11,4,1217676534,
345,11,2.5,1342828883,
347,11,4,847645925,
353,11,4,831939792,
357,11,3.5,1348612270,
372,11,4,874415285,
373,11,2,846830094,
387,11,2.5,1117415000,
404,11,4,838376006,
410,11,3,990910298,
411,11,4,835532370,
414,11,5,1052148205,
438,11,4,1105668426,
446,11,4,843839379,
455,11,4,836436201,
469,11,3,965425831,
474,11,2.5,1053021437,
476,11,3,835021635,
489,11,1.5,1334170648,
500,11,1,1005528017,
501,11,3,844973340,
514,11,4,1533949297,
530,11,4,843227087,
541,11,4,835643146,
566,11,5,849005826,
570,11,3.5,1181477768,
579,11,3,958879371,
587,11,4,953138510,
590,11,3,1258419975,
594,11,5,1109036973,
597,11,3,941558713,
599,11,2.5,1498516445,
602,11,3,840875825,
606,11,2.5,1174349629,
607,11,3,964744602,
19,12,1,965705347,
44,12,1,869252043,
120,12,3,860070182,
151,12,3,855947434,
217,12,3,955945336,
273,12,1,835860711,
274,12,3.5,1171829597,
276,12,4,858350757,
288,12,2,978622871,
294,12,1,966597190,
337,12,3,860255992,
350,12,3,864941118,
351,12,5,1325978665,
380,12,4,1493668065,
448,12,2,1019563753,
492,12,3,863976249,
524,12,1,852404800,
571,12,1,966901337,
599,12,1.5,1519181787,
6,13,3,845555588,
19,13,3,965709102,
20,13,4,1054038425,
288,13,2,978469581,
304,13,4,913327439,
328,13,3,1494212082,
476,13,3,835022487,
509,13,3,1436101243,
84,14,4,857653349,
90,14,5,856354100,
109,14,4,841109326,
182,14,4,1063289654,
206,14,4,850763367,
270,14,5,853918850,
302,14,4,854472122,
337,14,3,860255866,
372,14,4,874416949,
385,14,3,834692097,
437,14,3,859721080,
470,14,4,849843318,
474,14,3,1120827247,
492,14,3,863976101,
521,14,4,852713185,
544,14,3,850688581,
602,14,5,840875999,
604,14,4,832081027,
6,15,4,845554505,
19,15,2,965710039,
93,15,4,942946091,
136,15,5,832449934,
284,15,4,832699795,
314,15,2,834428676,
414,15,2,961514611,
501,15,1,844973980,
541,15,3,835643931,
559,15,3,845476569,
592,15,4,837350747,
599,15,1.5,1519239842,
606,15,3.5,1171839063,
6,16,4,845553819,
18,16,4.5,1461311583,
28,16,2.5,1234570375,
42,16,5,996218017,
61,16,4,1145531659,
64,16,5,1161528794,
68,16,3.5,1158533018,
88,16,4.5,1331421395,
91,16,4.5,1112710867,
100,16,4.5,1100185959,
103,16,5,1450982615,
105,16,4.5,1446749417,
109,16,4,841108751,
111,16,4.5,1518640768,
112,16,4.5,1513990003,
121,16,5,847656340,
136,16,5,832449614,
162,16,5,836511416,
177,16,3,1435890664,
181,16,3,845469893,
182,16,5,1054783631,
187,16,4,1161849621,
191,16,4,829759809,
195,16,4,974705903,
201,16,4,939227554,
226,16,4.5,1095662900,
239,16,4.5,1221159148,
240,16,3,849122640,
257,16,3.5,1141625441,
261,16,4,1404881583,
266,16,5,944981193,
274,16,4.5,1171493420,
282,16,4,1378491787,
287,16,2,1110229950,
289,16,4.5,1143424648,
298,16,4,1447597782,
303,16,2.5,1053302761,
305,16,4.5,1460136042,
307,16,4.5,1186087665,
310,16,1,1078647827,
311,16,2.5,1057854247,
312,16,4,1043177752,
317,16,5,1430598211,
330,16,3.5,1285905440,
332,16,3.5,1352673555,
337,16,4,860256120,
339,16,4.5,1460794139,
357,16,3.5,1348610125,
362,16,4,1530640994,
368,16,4,971275668,
372,16,4,874415966,
373,16,4,846830296,
380,16,3,1494803499,
385,16,3,834691914,
386,16,4,842613849,
405,16,4,1295916006,
413,16,5,1484440002,
414,16,3,961517557,
427,16,4,1053068794,
437,16,5,859721743,
444,16,4,832678415,
446,16,3,843839544,
448,16,5,1019138531,
453,16,3,972622830,
462,16,3.5,1123893685,
464,16,4.5,1287400356,
474,16,4,1088426731,
480,16,4,1179161099,
482,16,2,1105396054,
483,16,4,1178293782,
501,16,3,844973535,
510,16,1,1141158760,
514,16,3.5,1533872553,
553,16,5,1219558107,
580,16,4.5,1167790725,
585,16,5,1307417343,
588,16,4,839316454,
599,16,3,1498523389,
602,16,3,840876085,
603,16,4,963179585,
608,16,4.5,1189471181,
610,16,4.5,1479542171,
6,17,4,845553559,
31,17,3,850466616,
33,17,4,939654828,
38,17,3,841341494,
40,17,5,832059273,
54,17,3,830248246,
68,17,3.5,1158531987,
71,17,1,864737933,
84,17,5,857653240,
90,17,5,856353996,
94,17,1,843406942,
100,17,4.5,1100184147,
112,17,0.5,1513989967,
117,17,3,844163037,
132,17,3,1157922698,
144,17,4,1137323659,
156,17,4,939884874,
162,17,5,836510953,
166,17,4,1190828781,
173,17,4,843398078,
182,17,4,1066428620,
191,17,5,829759809,
198,17,3,1034136028,
206,17,5,850763267,
214,17,3,853937855,
227,17,3.5,1447210004,
246,17,5,1354126066,
262,17,3,840305810,
263,17,5,940384427,
266,17,1,944980787,
270,17,4,853918728,
275,17,5,1049079511,
288,17,3.5,1054569627,
301,17,4,1211378910,
302,17,5,854472022,
304,17,3,891174111,
314,17,4,834398442,
323,17,3.5,1422640288,
337,17,4,860255716,
346,17,4,1155066710,
350,17,2,864940932,
357,17,5,1348612178,
389,17,4,857934174,
404,17,4,838376049,
412,17,5,939136944,
414,17,4,961513829,
437,17,4,859720978,
445,17,3.5,1454621917,
446,17,5,843839379,
451,17,5,854089172,
474,17,5,974668666,
488,17,5,1112382176,
489,17,4.5,1332773255,
501,17,3,844973419,
509,17,3,1435992515,
517,17,0.5,1487953834,
566,17,5,849006000,
572,17,5,945888053,
579,17,5,977364909,
590,17,3.5,1258418302,
594,17,4,1108972872,
597,17,3,940362409,
599,17,3.5,1498501103,
600,17,3.5,1237712509,
603,17,3,954482210,
604,17,4,832080092,
606,17,4,1171838026,
44,18,4,869252115,
66,18,4,1113190353,
68,18,2,1532897231,
95,18,3.5,1105400752,
103,18,5,1431969228,
109,18,3,841109921,
179,18,4,852115405,
182,18,5,1055153282,
256,18,5,1447000271,
295,18,3.5,1320064940,
307,18,3,1186410788,
318,18,3,1426353075,
380,18,4,1494278868,
414,18,3,961682128,
483,18,4,1215897224,
489,18,2,1333234401,
501,18,5,844974006,
521,18,4,852713356,
599,18,3,1498523048,
606,18,4,1171327151,
6,19,2,845553382,
14,19,1,835441168,
19,19,2,965708339,
21,19,2.5,1419795052,
40,19,2,832059137,
42,19,2,996256258,
45,19,4.5,1091306129,
56,19,5,835799219,
58,19,1,847718718,
64,19,3.5,1161521687,
66,19,3,1093143913,
68,19,1.5,1158532448,
91,19,2,1112713417,
94,19,2,843406846,
100,19,1,1100183757,
103,19,3.5,1431957278,
112,19,4,1513989970,
117,19,2,844162892,
121,19,2,847656045,
122,19,3.5,1461562132,
136,19,3,832449345,
139,19,1,1453924016,
141,19,2,1513130814,
144,19,3,1136812137,
156,19,3,1106855017,
177,19,2,1435534140,
179,19,3,840907679,
200,19,3.5,1229877095,
217,19,1,955945611,
219,19,2.5,1194932235,
222,19,3.5,1391351897,
226,19,3.5,1095662814,
229,19,3,836942063,
240,19,5,849122301,
249,19,3.5,1354107358,
274,19,4,1171934796,
276,19,4,858351186,
280,19,3,1348435266,
284,19,4,832786975,
292,19,1.5,1442099069,
294,19,2,966597233,
307,19,4,1186084466,
308,19,1,1421374425,
318,19,3.5,1262805276,
321,19,3,843212522,
323,19,2.5,1422640116,
325,19,2,1039395714,
347,19,4,847645789,
353,19,4,831939775,
357,19,2,1348612202,
369,19,4,1237081519,
373,19,1,846830035,
376,19,2,1364994453,
377,19,2,1340342704,
379,19,2,847397556,
380,19,5,1493667522,
381,19,2.5,1165975855,
408,19,3.5,1469521999,
428,19,1,1111523373,
432,19,2,1316391760,
438,19,3,1105666629,
448,19,2,1019132168,
470,19,3,849075545,
475,19,4,1498031776,
477,19,3,1200939977,
480,19,1.5,1179178233,
483,19,3.5,1181494938,
489,19,2,1333101593,
495,19,4.5,1458636447,
497,19,4,1429127195,
509,19,4,1436027225,
520,19,1,1326609359,
524,19,3,851609256,
534,19,4,1459787996,
541,19,2,835643052,
552,19,3.5,1111473056,
555,19,3,980123949,
559,19,2,845475946,
565,19,3,846533399,
584,19,3,834987751,
590,19,2,1258420848,
592,19,4,837350082,
599,19,3,1498524930,
600,19,3,1237709125,
602,19,2,840875700,
604,19,1,832080050,
606,19,2,1171814553,
608,19,2,1117504385,
78,20,3,1252573422,
199,20,2,1022161793,
217,20,2,955941424,
239,20,3.5,1221147484,
249,20,3.5,1355366891,
274,20,3.5,1171830022,
284,20,1,832699760,
326,20,3.5,1322250792,
386,20,2,842614033,
448,20,3,1019124922,
464,20,4,1275548142,
501,20,1,844974037,
524,20,2,851609083,
588,20,2,839317230,
599,20,1.5,1498504813,
4,21,3,986935199,
5,21,4,847435238,
6,21,2,845553382,
8,21,4,839463564,
28,21,3,1242290535,
32,21,4,856737002,
33,21,4,939715904,
35,21,5,830939505,
38,21,3,841341362,
40,21,4,832059053,
42,21,4,996219086,
45,21,4,1091306011,
54,21,3,839921390,
57,21,3,965796969,
58,21,4,847718718,
66,21,4,1113190363,
84,21,4,858772111,
91,21,4,1112712052,
94,21,3,843406846,
102,21,3,835876107,
109,21,3,841107538,
112,21,2,1513989975,
115,21,4,970756771,
117,21,4,844162913,
135,21,3,1009691915,
140,21,4,949666898,
156,21,5,946799679,
181,21,2,845469555,
182,21,2.5,1054782030,
191,21,4,829759809,
199,21,4,940372914,
216,21,3,975212544,
219,21,3.5,1199581468,
229,21,4,836942097,
235,21,4,841422461,
239,21,4,1221158640,
242,21,3,834073178,
262,21,3,840305713,
266,21,4,945669287,
273,21,5,835860782,
275,21,5,1049076555,
284,21,3,832699760,
288,21,4,975693063,
294,21,3,966595514,
301,21,4,1211378459,
302,21,4,854473184,
304,21,4,896268435,
307,21,2.5,1189457112,
308,21,1,1421374404,
314,21,3,834398026,
321,21,3,843212550,
356,21,3.5,1229140823,
368,21,3,975828964,
372,21,3,874416570,
373,21,1,846830035,
379,21,2,847397556,
380,21,2,1493422718,
385,21,5,835118614,
386,21,4,842610304,
404,21,3,838375894,
410,21,3,990910575,
411,21,4,835532191,
414,21,4,961438199,
438,21,3.5,1105666251,
444,21,4,832670075,
446,21,3,843839290,
448,21,2,1019124231,
453,21,3,972621787,
458,21,5,845653030,
462,21,4,1121923492,
470,21,3,849075545,
474,21,4,1119232784,
480,21,2.5,1179161927,
486,21,4,839537017,
489,21,2.5,1333101507,
501,21,3,844973340,
524,21,3,852404913,
555,21,4,978746440,
565,21,3,846533399,
566,21,4,849005643,
572,21,5,945890765,
587,21,4,953138653,
588,21,3,839316350,
592,21,3,837350081,
597,21,5,941559030,
599,21,4,1498499235,
602,21,4,840875720,
603,21,5,963177624,
608,21,3.5,1147210949,
6,22,5,845553875,
42,22,5,996219167,
58,22,3,847719108,
64,22,3.5,1161559916,
91,22,3.5,1112712292,
99,22,4,829828005,
121,22,3,847656357,
140,22,3,951163606,
160,22,1,971437089,
181,22,3,845469972,
217,22,3,955943052,
226,22,2,1095662268,
274,22,3.5,1171759024,
297,22,2,900871989,
307,22,2,1186162078,
314,22,3,834398622,
323,22,3,1422640551,
325,22,3,1039397193,
353,22,5,831939991,
368,22,3,971276062,
373,22,3,846830333,
386,22,3,842613867,
411,22,3,835532644,
414,22,3,961518227,
428,22,2.5,1111487500,
429,22,4,828124615,
474,22,3,1046896006,
489,22,3.5,1333022826,
504,22,3.5,1063644469,
514,22,3,1533947171,
541,22,4,835643333,
580,22,4,1167861702,
584,22,4,834988132,
588,22,3,839317568,
602,22,3,840876417,
604,22,3,832080546,
28,23,1.5,1242290862,
43,23,5,848994451,
99,23,4,829828005,
102,23,3,835877570,
136,23,5,832449838,
140,23,3,967049087,
182,23,3.5,1055153587,
239,23,3.5,1221147477,
274,23,3.5,1171829251,
314,23,3,834241586,
414,23,2,961682276,
464,23,3,1275548130,
483,23,3,1215897538,
524,23,2,851608986,
599,23,1,1498503332,
604,23,4,832081042,
6,24,4,845554397,
32,24,3,856737205,
71,24,2,864740028,
111,24,2.5,1518640854,
181,24,3,845470571,
198,24,4,1034138101,
201,24,4,941211478,
234,24,5,1004407893,
263,24,3,941590705,
266,24,1,948586506,
274,24,3.5,1171785219,
290,24,3,975032355,
307,24,2,1186162409,
321,24,4,843212762,
337,24,5,860256119,
342,24,3,1042822170,
414,24,3,961436964,
474,24,3,1060105861,
477,24,4,1201159341,
479,24,3,1039362593,
483,24,2.5,1327277916,
518,24,2.5,1056907643,
555,24,5,978841879,
591,24,2,970525102,
592,24,4,837350801,
599,24,2.5,1498517444,
600,24,2,1237707977,
608,24,2,1117504646,
6,25,3,845553695,
14,25,4,835441394,
31,25,2,850466616,
32,25,4,856736119,
33,25,3,939646902,
36,25,2.5,1100803583,
64,25,3.5,1161521571,
68,25,3.5,1158531974,
84,25,5,860396793,
90,25,5,856353996,
91,25,2,1112713314,
95,25,5,1044744590,
108,25,4,1042838964,
109,25,5,841108589,
112,25,2.5,1513989973,
113,25,1,980051660,
118,25,2,944924731,
121,25,4,847656224,
144,25,3,1136813341,
150,25,4,854203072,
156,25,4,1106854805,
171,25,5,866904159,
178,25,4.5,1164355401,
181,25,1,845469842,
182,25,4.5,1054783186,
187,25,3,1161872627,
191,25,5,829759809,
195,25,4,1008558673,
198,25,4,1034136139,
199,25,5,940372513,
201,25,5,939227591,
206,25,5,850763267,
214,25,2,853937855,
235,25,5,841422634,
262,25,3,840305912,
265,25,1,965318357,
269,25,5,850865423,
270,25,4,853918728,
275,25,3,1049079449,
282,25,4,1378490653,
290,25,4,974942930,
302,25,5,854472022,
305,25,3,1518197993,
308,25,1,1421374411,
330,25,4.5,1285905238,
337,25,4,860255716,
353,25,4,831939875,
372,25,4,874415164,
373,25,5,846830207,
385,25,3,834691845,
386,25,2,842613763,
389,25,4,857934175,
391,25,5,1030827466,
402,25,3,849598104,
405,25,4,1299377952,
414,25,3,961517140,
432,25,4.5,1315243647,
437,25,4,859720978,
446,25,3,843839504,
451,25,5,854089175,
462,25,3,1154037817,
464,25,4,1287400227,
474,25,3.5,1127143175,
501,25,2,844973487,
521,25,5,852713083,
524,25,3,851608466,
552,25,3,1112151250,
566,25,2,849006116,
570,25,4,1181477537,
580,25,4,1167789966,
588,25,3,839316993,
589,25,5,856038816,
602,25,4,840875998,
603,25,4,954482181,
604,25,3,832080316,
607,25,3,963078417,
6,26,4,845555362,
32,26,4,856736347,
40,26,4,832059937,
68,26,3,1158534106,
117,26,4,844163712,
182,26,4,1063648819,
262,26,3,840309913,
314,26,4,834398961,
470,26,3,849843245,
474,26,3.5,1136942664,
483,26,4,1215898801,
488,26,2.5,1112382126,
599,26,2.5,1498518655,
6,27,3,845555402,
280,27,4.5,1348531940,
307,27,2.5,1186172544,
337,27,5,860256159,
414,27,2,961518812,
458,27,5,845652968,
474,27,2,1069686414,
501,27,3,844973931,
506,27,3,1424487740,
33,28,5,939654815,
100,28,4.5,1100184447,
177,28,2.5,1435536420,
246,28,4.5,1354126962,
262,28,5,840310932,
474,28,4.5,1165540007,
509,28,3.5,1436031727,
594,28,4.5,1108973143,
603,28,5,953925191,
605,28,4,1277094943,
606,28,3.5,1173049970,
23,29,4,1107341574,
43,29,5,848994937,
66,29,4.5,1099187646,
91,29,4,1112711719,
95,29,5,1043340522,
132,29,2,1157924165,
171,29,5,866904396,
182,29,4,1054779789,
187,29,4,1161849623,
202,29,4,974923156,
221,29,4.5,1119984574,
246,29,5,1353864666,
253,29,4.5,1286643322,
260,29,4,1109409486,
267,29,4,997136080,
268,29,5,940182766,
274,29,4,1238050945,
287,29,4.5,1110231627,
295,29,5,1320064417,
313,29,4,1030474666,
318,29,3.5,1413627585,
323,29,3.5,1422640570,
325,29,4,1039398353,
330,29,3,1285903982,
387,29,3.5,1094875272,
391,29,5,1030826859,
440,29,4.5,1237569069,
469,29,4,965335401,
474,29,3.5,1053021379,
483,29,5,1181495581,
521,29,3,852713417,
555,29,4,978841345,
576,29,3.5,1358151482,
599,29,3.5,1498500987,
600,29,4.5,1237713604,
602,29,2,840876620,
603,29,2,963177361,
606,29,4.5,1179419005,
325,30,4,1039399501,
527,30,1,1033173581,
603,30,4,963179273,
3,31,0.5,1306463578,
6,31,3,845553819,
28,31,2.5,1234334920,
40,31,4,832059371,
47,31,3,1496205717,
58,31,4,847719088,
68,31,3.5,1158535464,
84,31,3,860398679,
104,31,4,1049135743,
109,31,3,841108623,
117,31,3,844163204,
131,31,3,1349838570,
159,31,3.5,1508641164,
162,31,4,836511596,
181,31,3,845469893,
203,31,3.5,1390094511,
240,31,4,849122640,
282,31,4.5,1378488783,
307,31,1.5,1186162274,
314,31,3,834241586,
337,31,5,860256120,
362,31,4,1530642798,
372,31,2,874416808,
387,31,2.5,1094939853,
411,31,4,835532539,
414,31,3,961518520,
426,31,5,1451080848,
437,31,4,859721815,
447,31,4,836961195,
464,31,4,1287400817,
474,31,3,1060105936,
479,31,3,1039362413,
483,31,2,1181495275,
518,31,1,1056907629,
534,31,3.5,1459788707,
561,31,2.5,1491094481,
599,31,2,1498511120,
608,31,3,1117504582,
4,32,2,945173447,
6,32,4,845553426,
8,32,3,839463624,
14,32,4,835441168,
18,32,4,1455209840,
19,32,4,965703646,
23,32,3.5,1107341750,
24,32,3.5,1458942033,
28,32,3.5,1234335329,
32,32,4,856736119,
33,32,3,939647370,
39,32,3,974787510,
45,32,4.5,1121724503,
46,32,4,834788094,
50,32,3,1523740563,
54,32,3,830247417,
57,32,4,965798685,
58,32,5,847718745,
61,32,4.5,1145532647,
63,32,3,1443199999,
64,32,4,1161520763,
66,32,5,1093747471,
72,32,4.5,1217324825,
78,32,3.5,1252575140,
80,32,4,1377308186,
81,32,5,845299983,
90,32,4,856353996,
91,32,4,1112711273,
94,32,5,843406866,
95,32,4,1043340522,
105,32,3.5,1446571805,
109,32,4,841107643,
112,32,5,1442535842,
115,32,5,958574098,
117,32,3,844162955,
120,32,3,860069973,
122,32,5,1461561526,
132,32,3,1329983726,
133,32,4,843491488,
135,32,5,1009691695,
144,32,4,1137323444,
146,32,5,1312508179,
149,32,4,902085272,
150,32,5,854203071,
160,32,5,971113953,
166,32,4,1189038252,
171,32,5,866904158,
174,32,3,848487101,
179,32,4,852114116,
182,32,4,1054779785,
191,32,5,829759809,
195,32,4,974709650,
198,32,5,1034135531,
201,32,4,939833041,
202,32,4,974925068,
206,32,3,850763267,
219,32,3.5,1194686177,
220,32,4.5,1230055680,
221,32,5,1111177792,
222,32,3,1391353917,
226,32,4,1095662618,
227,32,4.5,1447210296,
235,32,4,841422499,
237,32,5,1411233598,
239,32,5,1221159452,
242,32,5,834073281,
247,32,3,1467661273,
249,32,5,1346752537,
254,32,4.5,1180446451,
259,32,5,1146845633,
264,32,1,1136979041,
265,32,4,965316504,
266,32,4,945751855,
269,32,4,850865423,
270,32,4,853918727,
271,32,4,1234302161,
273,32,5,835861257,
274,32,4,1171409321,
275,32,5,1049078728,
277,32,5,861812794,
282,32,4,1378497758,
284,32,5,832699723,
288,32,5,975692000,
292,32,2,1019516667,
298,32,4,1450369288,
302,32,3,854472021,
303,32,3.5,1053303318,
304,32,4,881427991,
305,32,5,1460222250,
307,32,3.5,1186160917,
312,32,4,1043176620,
313,32,4,1030475177,
314,32,3,839857723,
317,32,4,1430361493,
318,32,4.5,1263848497,
323,32,2.5,1422640375,
325,32,4,1039396494,
330,32,5,1285904958,
332,32,2.5,1352671273,
337,32,4,860255715,
339,32,3,1460518918,
345,32,3.5,1342827269,
347,32,3,847645812,
350,32,4,864940930,
353,32,5,831939731,
354,32,4,1200870157,
364,32,3,869443366,
372,32,4,874415441,
373,32,4,846830055,
375,32,5,1225314381,
376,32,5,1364994049,
377,32,4.5,1340342216,
380,32,5,1493494899,
381,32,3.5,1200824503,
385,32,4,838323677,
386,32,3,842610360,
387,32,3.5,1094876449,
389,32,4,857934174,
391,32,4,1030826859,
398,32,5,1311207513,
405,32,4.5,1295910764,
414,32,5,961514667,
420,32,3.5,1218047864,
424,32,3.5,1457901858,
425,32,4,1085477320,
434,32,3.5,1270604323,
437,32,4,859720977,
438,32,4,1105666143,
445,32,5,1454622049,
446,32,4,843839327,
448,32,2,1019132949,
449,32,4,1053200119,
451,32,5,854089163,
453,32,5,972621444,
456,32,3,856883308,
462,32,3.5,1121921239,
464,32,3.5,1275548714,
468,32,4,831400500,
469,32,5,965335350,
470,32,3,849075682,
474,32,4,1081177409,
476,32,4,835021513,
477,32,4.5,1200939654,
480,32,4,1179177844,
483,32,5,1178213437,
486,32,5,839537271,
489,32,3.5,1333023575,
492,32,3,863975946,
501,32,3,844973340,
509,32,4,1435998135,
512,32,5,841449445,
513,32,4,1159980466,
520,32,3.5,1326608236,
521,32,3,852713082,
524,32,3,851608466,
529,32,5,855583215,
544,32,3,850688537,
553,32,5,1219564918,
555,32,4,978841464,
559,32,3,845475965,
560,32,3.5,1469647882,
561,32,3.5,1491091981,
565,32,5,846533428,
566,32,4,849005720,
570,32,4,1181477032,
580,32,5,1167790855,
587,32,5,953141417,
590,32,3,1258420444,
596,32,3.5,1535709749,
599,32,3,1498519822,
600,32,4.5,1237858629,
602,32,3,840875779,
603,32,3,963179615,
604,32,4,832079958,
606,32,4,1173653921,
608,32,3.5,1117336682,
610,32,4.5,1479543331,
5,34,4,847434881,
6,34,4,845553354,
8,34,5,839463546,
18,34,2.5,1455617533,
19,34,4,965705661,
20,34,4,1054038093,
26,34,3,836950483,
27,34,5,962685351,
33,34,3,939646940,
40,34,5,832059080,
43,34,5,848993816,
63,34,3,1443201169,
64,34,4.5,1161520212,
68,34,1,1158531735,
82,34,2,1084467775,
84,34,4,858772153,
93,34,5,942767143,
94,34,4,843406765,
95,34,4,1071803856,
96,34,5,964773008,
103,34,4,1431957104,
109,34,3,841107487,
111,34,2.5,1516153818,
115,34,2,957760059,
117,34,3,844163454,
126,34,3,845925854,
132,34,1.5,1157921395,
136,34,2,832449299,
140,34,4,942910010,
142,34,4,838932132,
144,34,3,1137323545,
156,34,4,939853183,
160,34,5,971619022,
169,34,4,1059427862,
170,34,5,840472895,
174,34,4,848487060,
179,34,5,840907679,
181,34,5,845469500,
185,34,2,1044311830,
191,34,4,829760897,
198,34,4,1034137414,
200,34,2.5,1229877775,
201,34,5,939801740,
216,34,5,975212451,
217,34,4,955943345,
220,34,4.5,1230055796,
223,34,1,1226209953,
229,34,5,836942064,
230,34,2,1196304670,
234,34,3,1004409582,
235,34,4,841422446,
240,34,5,849122277,
255,34,1,1005717433,
263,34,4,940384374,
273,34,4,835860782,
274,34,4,1171756208,
275,34,5,1049078728,
288,34,4,975693063,
290,34,4,974942304,
292,34,3.5,1219625047,
305,34,3,1460136295,
323,34,2.5,1422640415,
328,34,5,1494210549,
330,34,3,1285905096,
331,34,2,1537157568,
347,34,4,847645761,
349,34,5,834750842,
353,34,5,831939731,
354,34,3.5,1200870571,
357,34,4,1348611388,
359,34,2.5,1198112136,
367,34,3,997811126,
372,34,4,874415934,
373,34,4,846830015,
377,34,4,1340347654,
379,34,5,847397499,
380,34,4,1493420018,
381,34,3.5,1164877286,
386,34,4,842610286,
391,34,3,1032389962,
394,34,3,838994398,
395,34,3,841503656,
404,34,4,838375864,
411,34,4,835532191,
412,34,5,939114265,
414,34,5,961438127,
425,34,3.5,1114173653,
430,34,3,963889406,
434,34,3.5,1270604933,
436,34,5,833529621,
446,34,5,843839272,
453,34,4,972622496,
455,34,4,836436023,
457,34,2,993610564,
470,34,4,849075432,
474,34,4.5,1081177349,
476,34,4,835021494,
477,34,4,1200939719,
480,34,4,1179178044,
488,34,3,1112382292,
489,34,2,1333101391,
498,34,3,839197341,
507,34,5,838964683,
509,34,3.5,1435998986,
514,34,4,1533872519,
517,34,5,1487954303,
525,34,3,1476480775,
527,34,5,1033173966,
534,34,4,1459793302,
559,34,5,845475917,
560,34,2.5,1469647264,
561,34,2.5,1491095062,
563,34,2,1441846213,
565,34,4,846533367,
567,34,2.5,1525288053,
570,34,3.5,1181477210,
579,34,3,958880089,
580,34,2.5,1167673463,
584,34,3,834987730,
593,34,4,1181008004,
596,34,4,1535827362,
597,34,4,940362281,
600,34,2,1237711536,
602,34,1,840875700,
603,34,4,963179273,
604,34,4,832079958,
607,34,3,963079238,
608,34,3.5,1117491662,
5,36,4,847435292,
6,36,5,845553726,
11,36,4,902155135,
18,36,4,1455617478,
32,36,4,856736172,
33,36,5,939715317,
44,36,4,869251910,
51,36,3,1230929322,
58,36,4,847718991,
64,36,4,1161521343,
70,36,5,1355198746,
84,36,5,857653289,
90,36,4,856354037,
91,36,3,1112712316,
103,36,4,1431957252,
109,36,5,841143673,
112,36,0.5,1513989966,
117,36,3,844163102,
142,36,4,838933753,
150,36,4,854203123,
162,36,5,836511416,
171,36,4,866904192,
182,36,4.5,1063289589,
191,36,5,829759809,
195,36,4,1008558588,
198,36,5,1034136028,
199,36,4,940372656,
206,36,5,850763310,
229,36,4,838147251,
235,36,4,841422650,
243,36,4,837155409,
262,36,5,840305940,
263,36,4,940384427,
265,36,4,965316145,
270,36,5,853918793,
290,36,4,975031318,
301,36,4.5,1211378851,
302,36,4,854472084,
304,36,1,881428195,
308,36,1,1421374415,
323,36,3.5,1422640290,
337,36,4,860255783,
357,36,3.5,1348610447,
372,36,3,874414994,
378,36,4,1445347078,
402,36,3,849598135,
404,36,3,838376195,
414,36,3,961516989,
425,36,3,1085477524,
432,36,3.5,1316391708,
437,36,4,859721015,
462,36,3.5,1123891148,
469,36,3,965846167,
470,36,4,849370395,
474,36,5,979180034,
488,36,4.5,1112382199,
492,36,4,863976004,
501,36,3,844973487,
521,36,4,852713143,
559,36,4,845476089,
588,36,2,839316709,
589,36,5,856038894,
590,36,3.5,1258420766,
602,36,3,840876228,
603,36,4,953925157,
606,36,3.5,1171820699,
607,36,4,964744413,
21,38,2.5,1419795113,
217,38,2,955945548,
448,38,3,1019227804,
474,38,1,1089387538,
5,39,3,847434961,
8,39,3,839463644,
12,39,4,1247264471,
14,39,3,835441186,
32,39,3,856737205,
33,39,5,939654896,
35,39,3,830939546,
38,39,3,841341384,
45,39,3,951170338,
46,39,3,834788093,
56,39,4,835799274,
57,39,3,965796392,
58,39,5,847718745,
64,39,4,1161520967,
68,39,4,1158532000,
91,39,1.5,1112713319,
94,39,1,843406866,
95,39,4,1043339476,
102,39,3,835876151,
104,39,4,1048587379,
109,39,3,841107584,
111,39,4,1516153474,
112,39,0.5,1513989927,
113,39,3,980051704,
117,39,3,844162955,
121,39,4,847656062,
132,39,3,1157921453,
144,39,3.5,1137323676,
156,39,1,939842934,
167,39,2,1154723333,
169,39,3.5,1059428140,
174,39,4,848487101,
176,39,3,840108930,
177,39,4,1435890554,
181,39,3,845469625,
191,39,1,829760897,
200,39,5,1229886362,
216,39,3,975212451,
224,39,5,971812919,
226,39,3,1095662724,
230,39,3,1196304844,
232,39,3,1182909940,
235,39,3,841422477,
240,39,5,849122324,
242,39,3,834073303,
263,39,4,941590574,
266,39,2,945669397,
275,39,4,1049076538,
280,39,4,1348532012,
283,39,1,901228254,
284,39,3,832786975,
286,39,3.5,1119562094,
294,39,2,966595276,
307,39,2,1186161053,
308,39,3,1421374380,
313,39,4,1030555731,
314,39,3,834398364,
328,39,2,1494210780,
347,39,4,847645812,
353,39,1,831939750,
357,39,4.5,1348612128,
367,39,4,997812337,
370,39,3.5,1159162930,
372,39,3,874417086,
386,39,3,842610325,
387,39,2.5,1095040527,
409,39,4,968979119,
414,39,4,961438265,
434,39,3,1270606827,
446,39,3,843839306,
458,39,4,845653086,
468,39,5,831400519,
469,39,2,965425327,
470,39,3,849075682,
474,39,3.5,1129579520,
480,39,2.5,1179177930,
484,39,4.5,1342296074,
486,39,3,839537186,
489,39,3.5,1332772964,
500,39,1,1005527926,
506,39,5,1424487595,
507,39,3,838964728,
509,39,4,1435992749,
512,39,4,841449426,
525,39,4.5,1476477672,
555,39,4,978746326,
559,39,3,845475987,
561,39,3,1491091334,
564,39,3.5,1478453734,
566,39,4,849005720,
570,39,3,1181477492,
577,39,3,945964946,
583,39,5,1481474136,
584,39,1,834987810,
592,39,4,837350111,
594,39,4.5,1115885611,
596,39,4,1535827547,
597,39,4,941558116,
599,39,3,1498525783,
600,39,3,1237858693,
602,39,5,840875757,
603,39,5,954482276,
604,39,3,832079983,
608,39,3,1117415401,
311,40,3.5,1057854804,
544,40,5,850688776,
6,41,4,845554962,
9,41,3,1044656650,
59,41,5,953609923,
91,41,4,1112716937,
117,41,4,844163693,
182,41,4.5,1054781875,
268,41,4,940181204,
314,41,3,834398878,
337,41,3,860255992,
372,41,4,874415991,
467,41,4,919671922,
470,41,3,849843245,
474,41,3.5,1089386983,
593,41,4,1181007216,
599,41,2.5,1498518847,
234,42,4,1004408338,
368,42,2,975828507,
414,42,2,961515844,
553,42,4,1219559052,
588,42,3,839316637,
597,42,3,941729264,
599,42,3,1498525483,
6,43,4,845555607,
33,43,2,939716739,
288,43,3,976122034,
437,43,3,859721556,
470,43,3,849370292,
474,43,3.5,1081177921,
521,43,4,852713446,
599,43,3,1519347048,
11,44,2,902154593,
15,44,1,1299424916,
17,44,3.5,1305696245,
19,44,3,965710019,
21,44,1,1376822969,
40,44,3,832059393,
58,44,2,847718960,
68,44,3,1158534993,
94,44,1,843406960,
117,44,2,844163037,
119,44,3,1435943918,
121,44,1,847656224,
136,44,2,832449539,
160,44,3,971115727,
182,44,1.5,1055150820,
202,44,2,974923392,
217,44,2,955941505,
219,44,1.5,1195349252,
226,44,3.5,1095663137,
240,44,4,849122528,
243,44,4,837155345,
274,44,4,1171759773,
284,44,3,832699890,
294,44,3,966634266,
314,44,3,834398518,
354,44,3.5,1200865357,
373,44,1,846830190,
380,44,4,1493667678,
386,44,2,842613763,
387,44,1,1182720368,
396,44,2,1111688564,
408,44,3.5,1484264475,
414,44,2,961516249,
428,44,2,1111623964,
438,44,3,1105667144,
447,44,5,836961153,
452,44,4,1019580991,
469,44,1,965335037,
486,44,4,839537298,
514,44,2.5,1533945558,
534,44,4,1459788735,
545,44,2.5,1240358381,
561,44,2,1491091620,
592,44,3,837350308,
599,44,2.5,1498517161,
608,44,0.5,1117504562,
4,45,3,986935047,
6,45,3,845553907,
64,45,3.5,1161564506,
84,45,4,858772239,
109,45,3,841108914,
132,45,2.5,1157923125,
156,45,4,946799570,
181,45,3,845470124,
182,45,3,1075764933,
217,45,2,955943999,
229,45,3,838143681,
250,45,4,1121217522,
266,45,2,945669246,
275,45,2,1049076616,
316,45,4.5,1111493212,
385,45,3,837949548,
386,45,3,842613904,
387,45,2.5,1094877493,
396,45,3,1111688518,
414,45,3,961438476,
446,45,3,843839593,
469,45,4,965425742,
474,45,4,1014924369,
476,45,3,835022455,
479,45,3,1039367502,
501,45,3,844973535,
502,45,3.5,1111757345,
536,45,5,832840081,
597,45,5,941559030,
599,45,2.5,1498516640,
602,45,5,840876055,
603,45,4,963179538,
6,46,4,845554551,
40,46,4,832059892,
84,46,3,858771890,
113,46,3,980051838,
201,46,1,939227085,
240,46,3,849123161,
268,46,1,940180773,
304,46,5,911720227,
411,46,2,835533337,
414,46,2,961514407,
474,46,3,1081178156,
489,46,3.5,1333658594,
594,46,4.5,1108973615,
600,46,3,1237851925,
606,46,4,1171757334,
1,47,5,964983815,
4,47,2,945173425,
6,47,4,845553317,
8,47,4,839463546,
13,47,5,987895819,
14,47,5,835441133,
15,47,3.5,1510571970,
16,47,3.5,1377477814,
17,47,4,1307262715,
18,47,4.5,1455050013,
19,47,3,965710720,
26,47,4,836950431,
28,47,3,1235975946,
39,47,3,974789632,
41,47,3.5,1458939486,
42,47,4,996218105,
43,47,4,848993793,
47,47,3,1496209354,
54,47,3,839921084,
56,47,5,835799219,
58,47,5,847718657,
62,47,4.5,1521489234,
63,47,4,1443201084,
64,47,4.5,1161520185,
66,47,5,1093747353,
68,47,4,1158531489,
72,47,4.5,1217324851,
75,47,2,1158968272,
76,47,3.5,1439168120,
81,47,3,845299983,
82,47,3.5,1084467783,
91,47,4.5,1112712832,
94,47,2,843406765,
102,47,5,835876045,
104,47,0.5,1053336550,
105,47,5,1446571714,
109,47,3,841107393,
110,47,4.5,1175330162,
112,47,5,1442535846,
116,47,3.5,1337199584,
117,47,4,844162892,
121,47,3,847656010,
122,47,4.5,1461561420,
123,47,4.5,1447291940,
126,47,5,845925822,
129,47,3.5,1167376335,
131,47,4,1349840567,
132,47,4,1157921243,
133,47,4,843491396,
134,47,4,832841168,
135,47,5,1009691144,
136,47,5,832449299,
140,47,4,942842215,
141,47,3,1513130660,
142,47,4,838934238,
144,47,4.5,1137323517,
152,47,5,1450867741,
156,47,3.5,1106854709,
160,47,5,971115962,
166,47,4,1188774624,
171,47,5,866905267,
176,47,5,840109138,
177,47,4.5,1435533571,
178,47,4.5,1164355292,
179,47,4,840907616,
181,47,3,845469500,
182,47,4,1054781315,
187,47,4,1161850486,
191,47,4,829760898,
192,47,3,835129031,
198,47,5,1034136177,
199,47,3,940372883,
200,47,4,1229885752,
204,47,5,1327182956,
217,47,2,955942953,
219,47,3.5,1194686017,
220,47,3,1230055738,
222,47,4,1391350444,
223,47,3,1226209770,
226,47,5,1160003508,
227,47,5,1447209787,
230,47,3,1196304391,
232,47,4.5,1241823324,
233,47,3.5,1524781264,
239,47,5,1221158250,
241,47,4,1447540959,
242,47,5,834073178,
247,47,4,1467644262,
249,47,5,1346757700,
251,47,5,1470677268,
254,47,4.5,1180447550,
260,47,4.5,1109408487,
261,47,4,1404881499,
268,47,3,940180858,
274,47,4,1171172762,
284,47,3,832695534,
286,47,5,1119562911,
288,47,3.5,1054568985,
294,47,2,966597476,
297,47,4,900871748,
298,47,4,1447518037,
301,47,4.5,1211377521,
302,47,5,854473264,
305,47,4,1460135569,
307,47,4,1186160966,
313,47,5,1030476272,
314,47,1,834398302,
317,47,5,1430361508,
318,47,4,1433139531,
322,47,4,1217676246,
326,47,4,1419880411,
328,47,4.5,1494211964,
330,47,3,1285904519,
332,47,4,1352672211,
334,47,2,1234629901,
336,47,4.5,1122227343,
337,47,5,860256118,
339,47,4.5,1460186377,
346,47,3.5,1172693170,
347,47,3,847645738,
351,47,4.5,1326027964,
352,47,5,1493931953,
353,47,5,831939731,
354,47,4,1200870867,
362,47,4.5,1530640109,
368,47,4,971275475,
369,47,3.5,1237083091,
370,47,3.5,1159162973,
372,47,5,874417240,
373,47,5,846829997,
379,47,3,847397459,
380,47,5,1493494893,
381,47,2,1166980226,
386,47,3,842610286,
387,47,4.5,1094876919,
391,47,3,1030944178,
400,47,5,1498870391,
402,47,3,849654599,
403,47,5,1225243620,
404,47,3,838375864,
411,47,4,835532191,
412,47,3,939114573,
414,47,4,961681857,
415,47,4,1382470301,
417,47,5,1532134167,
419,47,4,1321659049,
424,47,5,1457842442,
425,47,4.5,1085477391,
426,47,0.5,1451081886,
432,47,4,1315244565,
433,47,3,1506823900,
434,47,4,1270603499,
437,47,4,859721361,
441,47,4.5,1451166486,
444,47,4,832670399,
445,47,4.5,1454622061,
446,47,4,843839250,
448,47,4,1019132386,
452,47,5,1019581177,
453,47,5,972622637,
462,47,4,1154037716,
464,47,5,1275549635,
468,47,5,831400545,
469,47,4,965336711,
470,47,3,849075299,
474,47,4,979180247,
477,47,4,1200939679,
480,47,4.5,1179177656,
483,47,3.5,1178215187,
484,47,4,1342228947,
486,47,3,839537220,
489,47,3,1333101316,
498,47,3,839197341,
505,47,5,1298780253,
507,47,3,838964683,
512,47,5,841449359,
514,47,4,1533872325,
517,47,2,1487958109,
524,47,5,851608960,
525,47,3.5,1476476493,
534,47,4,1459787998,
540,47,4.5,1179109020,
541,47,1,835643038,
542,47,5,1163386913,
551,47,4.5,1505548073,
560,47,4,1469648029,
561,47,4.5,1491091954,
565,47,4,846533338,
570,47,3.5,1181477162,
573,47,5,1186589586,
574,47,5,834634527,
580,47,5,1167791127,
584,47,5,834987730,
588,47,3,839316278,
590,47,3,1258420506,
597,47,4,940361541,
599,47,4,1498499364,
600,47,4,1237852430,
601,47,4,1521467863,
602,47,5,840875668,
606,47,3,1171927423,
608,47,4.5,1117162426,
610,47,5,1479545853,
19,48,1,965709172,
20,48,5,1054038357,
21,48,3,1376822924,
27,48,4,962685318,
38,48,3,841341570,
40,48,2,832059371,
43,48,5,848994152,
48,48,4,1127128718,
58,48,3,847719035,
60,48,3,1393541734,
64,48,3,1161529467,
68,48,4,1158533544,
76,48,0.5,1439168949,
103,48,3.5,1431957563,
111,48,3.5,1518640791,
117,48,3,844163082,
132,48,3,1157919960,
134,48,3,832841524,
144,48,4.5,1137324255,
161,48,4,1176498494,
169,48,3.5,1059427123,
170,48,4,840473093,
177,48,3,1435534447,
194,48,2,1110316714,
216,48,2,975211866,
226,48,3,1095663041,
232,48,2.5,1218169473,
234,48,5,1004409503,
235,48,3,841422615,
240,48,3,849122594,
243,48,4,837155356,
249,48,3,1346752050,
262,48,1,840305912,
264,48,3,1136978326,
274,48,2,1171943719,
287,48,1,1110229874,
288,48,2,978469623,
308,48,4,1421374475,
316,48,1.5,1111493120,
318,48,3.5,1275844835,
323,48,3.5,1422640448,
371,48,4.5,1407691602,
372,48,2,874416616,
380,48,3,1493423481,
381,48,3,1165976148,
395,48,2,841504003,
401,48,2,1514347122,
414,48,3,961437741,
429,48,4,828124616,
435,48,4,1366675847,
436,48,4,833529821,
447,48,3,836961178,
458,48,3,845652560,
476,48,4,835022192,
483,48,3,1181496689,
484,48,4.5,1342296910,
489,48,4,1334587634,
509,48,3.5,1436000115,
525,48,3,1476480566,
527,48,3,1033173290,
534,48,4,1459792580,
559,48,3,845476159,
560,48,2.5,1469654312,
563,48,3.5,1440800284,
579,48,4,958881238,
584,48,5,834988006,
594,48,4.5,1109038257,
608,48,0.5,1117161754,
202,49,3,974925453,
1,50,5,964982931,
5,50,4,847434881,
6,50,1,845553381,
7,50,4.5,1106635993,
8,50,5,839463644,
16,50,4,1377476781,
17,50,4.5,1305697013,
18,50,5,1455049343,
23,50,4,1107163741,
24,50,4,1458942023,
28,50,3.5,1234337966,
29,50,3.5,1308007653,
32,50,5,856737002,
33,50,5,939646733,
35,50,5,830939598,
38,50,5,841341362,
39,50,5,974788030,
41,50,3,1459367479,
42,50,5,996217838,
45,50,5,951756750,
46,50,5,834788094,
54,50,3,830248246,
57,50,5,965796686,
58,50,5,847718718,
60,50,3,1393542060,
61,50,4.5,1145532639,
63,50,5,1443199758,
64,50,3,1161528982,
66,50,4,1104644110,
68,50,3,1158531764,
69,50,5,1021646926,
72,50,4.5,1217324720,
80,50,4.5,1377308037,
84,50,4,857653594,
88,50,5,1331421330,
91,50,4.5,1112712816,
96,50,5,964773008,
103,50,4,1431955220,
105,50,5,1446571713,
109,50,4,841107584,
112,50,5,1442535839,
117,50,4,844162933,
122,50,5,1461561151,
124,50,4.5,1336412889,
131,50,4,1349840171,
132,50,4,1157920377,
133,50,3,843491446,
140,50,3,942840991,
142,50,5,838934155,
145,50,5,832105428,
152,50,4.5,1450572430,
156,50,4,940001349,
160,50,4,971113158,
162,50,4,836511263,
166,50,5,1188774404,
174,50,3,848487075,
177,50,4,1435523529,
178,50,4.5,1163673981,
182,50,4.5,1054781309,
187,50,4.5,1161849680,
191,50,5,829760898,
195,50,5,974705671,
197,50,3,947462391,
198,50,5,1034136008,
199,50,4,940372419,
202,50,4,974924628,
211,50,4,1350912267,
215,50,5,1260908668,
217,50,3,955942801,
219,50,5,1194685882,
220,50,5,1230054959,
221,50,4.5,1118246575,
222,50,3,1391346849,
228,50,4.5,1363222968,
233,50,4,1472587568,
237,50,2.5,1410631753,
239,50,4.5,1221158083,
241,50,4,1447536935,
246,50,4.5,1353869486,
247,50,5,1467643861,
249,50,4,1364546154,
254,50,4.5,1180564704,
260,50,5,1109410623,
261,50,4,1404881245,
262,50,3,840305713,
266,50,4,944980462,
268,50,5,940180799,
274,50,4,1171408986,
275,50,4,1049078044,
278,50,5,1193753316,
279,50,3.5,1506394189,
280,50,4.5,1348434052,
282,50,4.5,1378489751,
287,50,3.5,1110230077,
290,50,4,975031748,
294,50,3,966597387,
295,50,5,1320064969,
296,50,5,1532993858,
297,50,5,900871748,
298,50,3.5,1447516828,
301,50,4.5,1211377304,
305,50,5,1460134079,
307,50,4.5,1186160949,
308,50,2.5,1421373873,
309,50,4.5,1126451972,
313,50,5,1030476169,
314,50,4,847175449,
317,50,5,1430361374,
322,50,4,1217675827,
323,50,4.5,1422640061,
326,50,2,1322867550,
327,50,4.5,1234788095,
328,50,4,1494206971,
329,50,2,1523468332,
330,50,5,1285904637,
331,50,5,1537157516,
332,50,4,1352671786,
335,50,5,1261542414,
336,50,5,1120568496,
337,50,3,860256158,
338,50,4.5,1530148314,
343,50,4.5,1202061253,
346,50,4,1125857414,
348,50,5,1378850183,
352,50,5,1493931911,
354,50,4.5,1200869832,
356,50,3.5,1229142733,
357,50,5,1348610163,
362,50,3.5,1530637009,
363,50,4,1502584540,
368,50,4,971275320,
370,50,4.5,1159161956,
372,50,5,874414678,
373,50,5,846830055,
380,50,4,1493420347,
381,50,4.5,1168576731,
382,50,5,1515160611,
385,50,3,834691694,
386,50,3,842610344,
387,50,4.5,1094876246,
391,50,4,1030827636,
394,50,5,838994626,
396,50,4,1111688630,
400,50,5,1498870285,
411,50,3,835532221,
414,50,5,961681714,
415,50,4.5,1382469955,
418,50,4.5,1461865740,
419,50,4,1321854706,
424,50,5,1457842255,
425,50,4.5,1085477355,
432,50,3,1315243055,
433,50,5,1506823884,
435,50,4,1366676016,
437,50,4,859721362,
444,50,5,832670838,
446,50,4,843839306,
448,50,4,1064741727,
449,50,4.5,1053199959,
453,50,5,972621262,
455,50,3,836436049,
462,50,3.5,1154037688,
469,50,4,965336630,
470,50,3,849075545,
472,50,5,1345843346,
474,50,4,979179872,
480,50,3.5,1179160287,
482,50,4,1105396885,
483,50,4.5,1204405320,
495,50,4,1458634563,
497,50,3,1429127291,
501,50,3,844973340,
510,50,4,1141160526,
512,50,5,841449402,
515,50,4.5,1513678307,
522,50,4.5,1253430096,
524,50,2,851608781,
525,50,4.5,1476476363,
541,50,5,835643052,
553,50,4,1219557525,
555,50,5,978819462,
560,50,4,1469647239,
561,50,4.5,1491090860,
562,50,4,1368894758,
565,50,5,846533399,
566,50,5,849005642,
567,50,1,1525282012,
568,50,5,1243576177,
569,50,3,849190709,
573,50,5,1248841981,
580,50,5,1167789884,
587,50,5,953141366,
588,50,5,839316659,
590,50,4.5,1264910688,
593,50,4.5,1181007737,
595,50,5,938807286,
596,50,3.5,1535709301,
597,50,5,940362491,
599,50,3.5,1498500777,
601,50,5,1441639169,
602,50,5,840875720,
606,50,4.5,1171234887,
608,50,4.5,1117491010,
610,50,4,1493844757,
4,52,3,964622786,
32,52,3,856736227,
57,52,3,969753586,
84,52,5,857653318,
90,52,5,856354072,
109,52,3,841109666,
120,52,3,860070065,
150,52,4,854203163,
156,52,3.5,1106855391,
179,52,4,852115696,
191,52,5,829759809,
270,52,4,853918850,
314,52,3,845285951,
372,52,4,874416234,
402,52,3,849598217,
410,52,4,990910213,
411,52,2,835533198,
414,52,3,961438413,
437,52,4,859721046,
462,52,3,1123890939,
474,52,4,1004131663,
492,52,3,863976101,
521,52,4,852713185,
597,52,4,941559030,
599,52,3,1498525392,
600,52,3.5,1237715563,
602,52,3,840876566,
603,52,1,963178236,
85,53,5,889468268,
603,53,5,963180003,
6,54,4,845555402,
19,54,2,965702660,
414,54,1,1027521065,
84,55,4,858772543,
43,57,5,848994678,
84,57,3,858771951,
262,57,3,840306644,
414,57,3,961517912,
474,57,3,1060105374,
566,57,3,849006827,
599,57,2.5,1519240604,
603,57,2,963180025,
4,58,3,964538444,
5,58,5,847435238,
7,58,3,1106635520,
23,58,3,1107164183,
32,58,5,856736227,
33,58,4,939646784,
74,58,5,1207502891,
90,58,5,856354071,
91,58,2,1112710933,
132,58,2,1157919923,
150,58,3,854203163,
156,58,4,1106855269,
191,58,4,829759809,
198,58,5,1034137364,
202,58,4,975013724,
206,58,5,850763367,
221,58,4.5,1111176234,
267,58,5,959807857,
270,58,4,853918849,
302,58,5,854472122,
304,58,4,899026578,
310,58,4.5,1078647847,
325,58,4,1039395583,
330,58,5,1285904454,
359,58,4.5,1198113196,
391,58,4,1030827343,
410,58,4,990807791,
425,58,3.5,1085490369,
427,58,2,1053071377,
444,58,5,832679295,
467,58,5,919672099,
474,58,3.5,1126533613,
521,58,4,852713185,
559,58,4,865095758,
587,58,5,953141592,
603,58,3,954482414,
606,58,3.5,1181771144,
6,60,4,845554263,
27,60,3,962685387,
35,60,5,830939912,
40,60,4,832059509,
43,60,5,848994424,
60,60,3,1393541955,
87,60,3,1270702696,
93,60,4,942946445,
103,60,4,1431968436,
117,60,3,844163754,
160,60,2,971619579,
169,60,4,1078285375,
177,60,3,1435535258,
217,60,2,955942221,
226,60,2.5,1114838860,
234,60,4,1004409020,
240,60,4,849122924,
274,60,3.5,1171827419,
294,60,1,966634119,
304,60,1,891174024,
314,60,3,834790837,
323,60,3,1422640654,
355,60,3,974966167,
373,60,3,846830521,
380,60,4,1494035896,
384,60,4,994038823,
395,60,3,841505041,
429,60,4,828124616,
436,60,3,833530067,
473,60,2,1169351160,
480,60,2,1179159595,
584,60,5,834988340,
599,60,2,1519118310,
604,60,4,832080939,
6,61,4,845555454,
181,61,4,845472115,
402,61,5,849598453,
492,61,4,863976447,
501,61,3,844973980,
599,61,2.5,1519327817,
6,62,4,845553660,
27,62,5,962684909,
28,62,3.5,1242290542,
31,62,4,850466616,
32,62,3,856736119,
35,62,5,830939748,
38,62,3,841341570,
40,62,5,832059339,
45,62,4,1091306047,
47,62,3,1496205312,
58,62,3,847718910,
68,62,3.5,1158531021,
71,62,4,864737933,
84,62,4,857653240,
100,62,4,1100185952,
107,62,5,829322340,
109,62,5,841108564,
112,62,4,1513989987,
117,62,4,844163122,
121,62,5,847656203,
136,62,5,832449522,
140,62,4.5,1055092420,
150,62,3,854203072,
151,62,4,855947196,
156,62,2,1106854830,
159,62,3,1508641179,
162,62,5,836510953,
169,62,5,1078284604,
174,62,1,848487212,
181,62,4,845469756,
196,62,4.5,1460954240,
199,62,1,941295529,
200,62,3,1229886642,
202,62,3,975013683,
206,62,4,850763267,
214,62,3,853937855,
235,62,5,841422615,
243,62,5,837155394,
270,62,5,853918728,
274,62,3,1171492326,
276,62,5,858350385,
277,62,2,861812794,
287,62,2,1110231040,
292,62,3,1293563062,
304,62,5,881427812,
307,62,3,1186161410,
314,62,4,836234560,
323,62,2.5,1422640114,
330,62,3,1285905259,
337,62,3,860255716,
356,62,4.5,1229142896,
357,62,3,1348612191,
372,62,3,874415902,
381,62,4.5,1263494357,
385,62,3,836844635,
389,62,5,857934174,
404,62,4,838376141,
411,62,5,835532559,
414,62,4,961517885,
437,62,3,859720978,
438,62,4,1105649800,
455,62,4,836436499,
458,62,5,845652560,
470,62,3,849224778,
474,62,2.5,1053021366,
480,62,3.5,1179178063,
482,62,5,1105396550,
492,62,4,863975954,
498,62,5,839197444,
501,62,3,844973487,
514,62,4,1533949200,
522,62,3,1253345769,
525,62,3.5,1476480183,
529,62,3,855583216,
544,62,5,850688537,
572,62,4,945890338,
580,62,2,1167790047,
600,62,2.5,1237713038,
603,62,1,963180075,
604,62,4,832080293,
226,63,3.5,1096420461,
269,63,3,850865688,
283,63,3,901228285,
387,63,2,1095042100,
484,63,4,1342228081,
492,63,3,863976526,
608,63,0.5,1117506926,
19,64,2,965708037,
113,64,2,980051988,
266,64,1,945669246,
456,64,3,856883540,
492,64,3,863976525,
6,65,3,845555070,
19,65,2,965708217,
44,65,3,869252497,
45,65,3,1020803228,
51,65,3.5,1230930652,
57,65,1,965797815,
68,65,1.5,1269123315,
111,65,3.5,1518640926,
135,65,1,1009692359,
179,65,3,852115576,
217,65,1,955945452,
219,65,1,1198782611,
226,65,3,1095712984,
228,65,2,1363222731,
234,65,3,1001975877,
274,65,3,1171829616,
277,65,3,861812976,
294,65,3,966597039,
307,65,2.5,1186086548,
337,65,3,860255929,
350,65,3,864941118,
389,65,4,857934553,
414,65,2,961439623,
448,65,1,1028111080,
456,65,2,856883450,
492,65,5,863976248,
529,65,1,855583470,
539,65,4.5,1332474525,
555,65,3,980125946,
599,65,2,1498511235,
608,65,2,1117415653,
6,66,3,845555151,
44,66,3,869252563,
198,66,1,1034135137,
214,66,3,853938014,
337,66,4,860255992,
448,66,2,1019133230,
477,66,0.5,1201158662,
492,66,3,863976249,
559,66,3,865096234,
90,68,3,856354249,
156,68,2,946799375,
385,68,3,865024733,
544,68,5,850688776,
606,68,4,1171817003,
45,69,3,951170141,
56,69,4,835799457,
57,69,4,965797105,
88,69,3.5,1331420307,
167,69,2.5,1154719322,
182,69,3,1054784267,
225,69,5,949111262,
226,69,4,1172040506,
266,69,5,945669505,
274,69,4,1171932360,
283,69,4,901228313,
294,69,4,966596095,
353,69,3,831940600,
428,69,3.5,1111524882,
452,69,5,1019585277,
480,69,2,1179161861,
484,69,4.5,1342300148,
548,69,5,1488243429,
597,69,4,941558258,
599,69,2.5,1498515243,
1,70,3,964982400,
18,70,3.5,1455735732,
19,70,2,965704974,
34,70,3.5,1162048002,
45,70,4,951170563,
51,70,5,1230932691,
57,70,1,965797305,
64,70,4,1161559767,
68,70,4,1158534541,
103,70,3.5,1431957632,
122,70,4.5,1461562250,
132,70,2.5,1157923053,
182,70,4.5,1077804802,
187,70,4,1161849108,
195,70,4,979858326,
249,70,4,1355677606,
274,70,4.5,1171493880,
283,70,3,901228337,
286,70,3,1119563855,
294,70,4,966595946,
295,70,5,1320064943,
297,70,2,900871989,
305,70,5,1494259450,
307,70,3.5,1186161936,
313,70,4,1030475884,
336,70,4,1120568169,
353,70,4,831940127,
354,70,4.5,1200953640,
361,70,2,1204046026,
362,70,4,1530637651,
368,70,3,971273705,
372,70,3,874415199,
380,70,5,1493423196,
387,70,3.5,1183536308,
391,70,1,1030944454,
405,70,4,1295917097,
425,70,4,1085490625,
428,70,3,1111524672,
438,70,3,1105762813,
450,70,2,974705218,
452,70,4,1013397998,
453,70,4,972622055,
469,70,2,965334011,
489,70,2,1385823826,
546,70,5,973588518,
560,70,4,1469653546,
571,70,2,966900368,
580,70,5,1167673477,
594,70,3.5,1108951120,
597,70,2,941559139,
599,70,3.5,1498501183,
603,70,4,953925705,
606,70,4,1171733439,
608,70,3,1117415406,
610,70,4,1495959282,
113,71,1,980051522,
372,71,2,874416544,
387,71,1.5,1150877466,
414,71,2,961515844,
438,71,2,1105664825,
191,72,4,829760897,
307,72,2,1186173251,
318,72,4.5,1417278807,
414,72,4,961438532,
484,72,4,1342369324,
555,72,3,978746552,
600,72,1,1237760885,
117,73,4,844163663,
169,73,4,1070250173,
288,73,3,979163671,
304,73,4,920884193,
420,73,4,1218036406,
421,73,4,1311494239,
476,73,4,835022035,
488,73,2.5,1112382455,
501,73,2,844974214,
599,73,3,1519421396,
600,73,3.5,1237760041,
605,73,3,1277094964,
606,73,4,1171410274,
32,74,4,856736316,
100,74,4,1100186732,
113,74,3,980051922,
269,74,5,850865586,
337,74,5,860255992,
456,74,4,856883468,
474,74,3,974669217,
492,74,4,863976249,
151,75,3,855948083,
414,75,1,1027521022,
492,75,3,863976878,
555,75,3,980125866,
599,75,1,1519353713,
6,76,4,845555317,
51,76,5,1230930644,
109,76,3,841151480,
160,76,4,971196402,
182,76,3.5,1055152107,
269,76,2,850865622,
313,76,1,1030475081,
337,76,5,860256043,
380,76,3,1494278971,
477,76,4,1201158833,
492,76,5,863976409,
524,76,2,852404800,
559,76,3,865096444,
599,76,2.5,1498518457,
604,76,4,832080615,
603,77,4,954482106,
32,78,4,856736477,
414,78,3,961518581,
437,78,3,859721693,
6,79,3,845554907,
43,79,5,848994617,
150,79,3,854203229,
160,79,1,971196754,
181,79,4,845470717,
254,79,2,1180443477,
265,79,2,965318627,
269,79,4,850865553,
270,79,2,853918942,
297,79,1,900872461,
337,79,4,860255867,
368,79,2,971276901,
437,79,2,859721080,
456,79,2,856883417,
492,79,4,863976101,
521,79,4,852713251,
599,79,2,1519336237,
325,80,4,1039397611,
606,80,4,1171409272,
90,81,3,856354174,
125,81,3,1474415153,
171,81,5,866904379,
182,81,3.5,1055154219,
199,81,3,940544216,
269,81,3,850865720,
304,81,4,947050233,
368,81,3,975828421,
372,81,2,874416280,
414,81,2,961514568,
437,81,3,859721790,
483,81,3.5,1215898195,
521,81,3,852713417,
599,81,2.5,1498517265,
40,82,5,832060151,
90,82,5,856354212,
108,82,5,1042839636,
454,82,3.5,1279476639,
474,82,2.5,1121262740,
479,82,5,1039362593,
603,82,1,963180075,
606,82,4,1175637619,
214,83,3,853938185,
90,85,5,856354195,
160,85,5,991075851,
191,85,5,829759809,
199,85,1,940380890,
262,85,3,840306620,
385,85,3,844794767,
603,85,5,953925191,
6,86,5,845556131,
42,86,4,996220615,
71,86,5,864738119,
93,86,4,942946013,
140,86,4,942844005,
181,86,4,845472271,
274,86,3.5,1171828191,
304,86,5,880915450,
414,86,3,961437096,
437,86,3,859721170,
486,86,5,839537298,
501,86,3,844974037,
521,86,4,852713380,
524,86,3,852404550,
607,86,4,963079311,
6,87,3,845555300,
19,87,2,965708059,
104,87,3,1048795372,
217,87,3,955945423,
274,87,3,1197272712,
288,87,3,1174395882,
599,87,0.5,1519184941,
6,88,2,845555694,
45,88,4,951170543,
89,88,2,1520408790,
91,88,3,1112716912,
226,88,3,1097545177,
274,88,3.5,1171828649,
276,88,5,858350816,
307,88,3.5,1186086639,
414,88,2,961439433,
492,88,5,863976409,
539,88,3.5,1332474517,
555,88,4,980126008,
577,88,3,945968259,
585,88,4,1307416427,
599,88,0.5,1498533540,
608,88,2.5,1117505159,
6,89,4,845555124,
57,89,2,972174827,
100,89,4,1100186731,
132,89,2.5,1157997580,
182,89,3,1055151186,
217,89,4,955940533,
249,89,3.5,1370785235,
414,89,3,961515928,
469,89,4,965334954,
599,89,2.5,1498517086,
6,92,4,845555454,
19,92,2,965712048,
91,92,2,1112716903,
151,92,1,855948256,
414,92,2,961518731,
474,92,3.5,1087832141,
604,92,3,832080615,
606,92,3.5,1171365342,
6,93,4,845554584,
51,93,3,1230931640,
136,93,4,832450076,
160,93,1,976798624,
274,93,3.5,1172024378,
501,93,3,844974090,
592,93,3,837350801,
599,93,1.5,1498504070,
608,93,2.5,1117506858,
33,94,4,939716218,
44,94,4,869252333,
84,94,4,857653422,
182,94,4,1075765007,
191,94,4,829759809,
307,94,3.5,1186086089,
385,94,4,847137503,
414,94,5,961517421,
451,94,4,854089769,
558,94,3,1035415930,
6,95,4,845553559,
11,95,3,902154458,
14,95,5,835441295,
28,95,2,1234516201,
32,95,3,856736119,
42,95,3,996214545,
43,95,4,848993983,
44,95,4,869251861,
57,95,3,969754664,
68,95,3.5,1158532180,
71,95,4,864737933,
84,95,2,857653240,
91,95,3,1112711260,
94,95,3,843406942,
100,95,4.5,1100185961,
112,95,1.5,1513989977,
121,95,3,847656129,
136,95,4,832449391,
140,95,2.5,1085569725,
142,95,3,838934522,
150,95,3,854203072,
151,95,4,855947196,
160,95,1,971112529,
170,95,3,840473046,
179,95,3,852114051,
191,95,3,829759809,
206,95,3,850763267,
217,95,3,955941157,
219,95,1.5,1198782277,
239,95,3.5,1221158503,
240,95,5,849122434,
266,95,3,946768666,
269,95,3,850865423,
270,95,2,853918728,
274,95,2.5,1174524214,
277,95,3,861812794,
284,95,5,832699673,
288,95,1,978466299,
297,95,1,900872461,
302,95,3,854472021,
314,95,2,834241545,
337,95,5,860255716,
350,95,3,864940931,
363,95,3,1502584443,
364,95,5,869443367,
368,95,2,971277081,
373,95,2,846830128,
376,95,3.5,1364994336,
380,95,3,1493420301,
385,95,3,834691768,
389,95,4,857934174,
395,95,3,841503940,
402,95,4,849598075,
414,95,2,961515958,
425,95,2.5,1085477510,
428,95,2,1111524678,
434,95,2,1270606732,
437,95,1,859720977,
438,95,3.5,1105666265,
446,95,4,843839401,
448,95,2,1019124644,
451,95,4,854089167,
458,95,5,845652537,
465,95,3,959896430,
470,95,3,849843245,
480,95,1,1179177869,
486,95,3,839537249,
489,95,1.5,1333101502,
492,95,3,863975954,
501,95,4,844973419,
521,95,3,852713082,
524,95,4,851608466,
529,95,4,855583216,
541,95,3,835643186,
544,95,4,850688537,
552,95,1.5,1111473067,
559,95,4,865095801,
570,95,2.5,1181477499,
592,95,3,837350282,
599,95,2,1498510588,
602,95,3,840875901,
604,95,4,832080071,
608,95,2,1117490752,
610,95,3.5,1479542004,
474,96,3.5,1053020997,
182,97,4.5,1075764905,
187,97,3,1180301412,
317,97,3,1430598706,
318,97,4.5,1419694783,
326,97,3.5,1443983581,
387,97,4.5,1199607279,
444,97,5,839310140,
560,97,4,1469653182,
599,97,3,1519120150,
603,97,4,963179791,
191,99,5,829759809,
603,99,5,954482070,
6,100,3,845555151,
32,100,4,856736290,
84,100,3,860396882,
181,100,3,845470909,
182,100,3,1055153511,
207,100,3,1258548270,
297,100,1,900872461,
314,100,3,847175533,
337,100,3,860255992,
444,100,3,839310140,
474,100,2,1048710159,
492,100,3,863976249,
599,100,2,1498511085,
602,100,3,840876228,
